"Component","Line","Color","ThemeClass"
"AnnouncementBar.tsx","50","#0a0a0a","border-brand-black / shadow-neo-sm / bg-brand-black / text-brand-black"
"AnnouncementBar.tsx","56","#0a0a0a","border-brand-black / shadow-neo-sm / bg-brand-black / text-brand-black"
"AnnouncementBar.tsx","66","#0a0a0a","border-brand-black / shadow-neo-sm / bg-brand-black / text-brand-black"
"EnhancedFooter.tsx","194","#e2fea5","bg-brand-lime / text-brand-lime"
"EnhancedFooter.tsx","195","#173229","bg-forest-dark / text-forest-dark"
"EnhancedFooter.tsx","627","#d0e999","UNMAPPED"
"Header.tsx","169","#f8ffe8","bg-brand-light / text-brand-light"
"Header.tsx","170","#0a0a0a","border-brand-black / shadow-neo-sm / bg-brand-black / text-brand-black"
"Header.tsx","171","#0a0a0a","border-brand-black / shadow-neo-sm / bg-brand-black / text-brand-black"
"Header.tsx","189","#f8ffe8","bg-brand-light / text-brand-light"
"Header.tsx","190","#0a0a0a","border-brand-black / shadow-neo-sm / bg-brand-black / text-brand-black"
"Header.tsx","191","#0a0a0a","border-brand-black / shadow-neo-sm / bg-brand-black / text-brand-black"
"Header.tsx","192","#1a1a1a","UNMAPPED"
"Header.tsx","206","#fcfac2","bg-brand-yellow / text-brand-yellow"
"Header.tsx","207","#0a0a0a","border-brand-black / shadow-neo-sm / bg-brand-black / text-brand-black"
"Header.tsx","208","#0a0a0a","border-brand-black / shadow-neo-sm / bg-brand-black / text-brand-black"
"Header.tsx","209","#0a0a0a","border-brand-black / shadow-neo-sm / bg-brand-black / text-brand-black"
"Header.tsx","221","#1a1a1a","UNMAPPED"
"Header.tsx","222","#f5f4e8","UNMAPPED"
"Header.tsx","234","#1a1a1a","UNMAPPED"
"Header.tsx","275","#f8ffe8","bg-brand-light / text-brand-light"
"Header.tsx","276","#0a0a0a","border-brand-black / shadow-neo-sm / bg-brand-black / text-brand-black"
"Header.tsx","277","#0a0a0a","border-brand-black / shadow-neo-sm / bg-brand-black / text-brand-black"
"Header.tsx","284","#1a3a2f","UNMAPPED"
"Header.tsx","366","#e2fea5","bg-brand-lime / text-brand-lime"
"Header.tsx","367","#0a0a0a","border-brand-black / shadow-neo-sm / bg-brand-black / text-brand-black"
"Header.tsx","368","#0a0a0a","border-brand-black / shadow-neo-sm / bg-brand-black / text-brand-black"
"Header.tsx","398","#e2fea5","bg-brand-lime / text-brand-lime"
"Header.tsx","399","#0a0a0a","border-brand-black / shadow-neo-sm / bg-brand-black / text-brand-black"
"Header.tsx","400","#0a0a0a","border-brand-black / shadow-neo-sm / bg-brand-black / text-brand-black"
"Header.tsx","418","#f8ffe8","bg-brand-light / text-brand-light"
"WhatsAppButton.tsx","30","#25d366","UNMAPPED"
"WhatsAppButton.tsx","39","#25d366","UNMAPPED"
"BlogArchive.tsx","234","#e2fea5","bg-brand-lime / text-brand-lime"
"BlogArchive.tsx","263","#e2fea5","bg-brand-lime / text-brand-lime"
"BlogArchive.tsx","265","#0a0a0a","border-brand-black / shadow-neo-sm / bg-brand-black / text-brand-black"
"BlogArchive.tsx","265","#f8ffe8","bg-brand-light / text-brand-light"
"BlogArchive.tsx","295","#e2fea5","bg-brand-lime / text-brand-lime"
"BlogArchive.tsx","309","#e2fea5","bg-brand-lime / text-brand-lime"
"BlogArchive.tsx","309","#0a0a0a","border-brand-black / shadow-neo-sm / bg-brand-black / text-brand-black"
"BlogArchive.tsx","401","#f8ffe8","bg-brand-light / text-brand-light"
"BlogArchive.tsx","407","#e2fea5","bg-brand-lime / text-brand-lime"
"BlogArchive.tsx","407","#0a0a0a","border-brand-black / shadow-neo-sm / bg-brand-black / text-brand-black"
"BlogArchive.tsx","415","#1e3c30","UNMAPPED"
"Hero.tsx","162","#fcfac2","bg-brand-yellow / text-brand-yellow"
"Hero.tsx","163","#0a0a0a","border-brand-black / shadow-neo-sm / bg-brand-black / text-brand-black"
"Hero.tsx","164","#0a0a0a","border-brand-black / shadow-neo-sm / bg-brand-black / text-brand-black"
"Hero.tsx","165","#0a0a0a","border-brand-black / shadow-neo-sm / bg-brand-black / text-brand-black"
"HomeIndustriesSection.tsx","27","#b8d4be","UNMAPPED"
"HomeIndustriesSection.tsx","38","#ffb4b4","bg-brand-pink / text-brand-pink"
"HomeIndustriesSection.tsx","49","#e2fea5","bg-brand-lime / text-brand-lime"
"HomeIndustriesSection.tsx","60","#fcfac2","bg-brand-yellow / text-brand-yellow"
"HomeIndustriesSection.tsx","188","#0a0a0a","border-brand-black / shadow-neo-sm / bg-brand-black / text-brand-black"
"WhyChooseUs.tsx","16","#ffb4b4","bg-brand-pink / text-brand-pink"
"WhyChooseUs.tsx","22","#e2fea5","bg-brand-lime / text-brand-lime"
"WhyChooseUs.tsx","28","#fcfac2","bg-brand-yellow / text-brand-yellow"
"WhyChooseUs.tsx","141","#173229","bg-forest-dark / text-forest-dark"
"WhyEyeLevel.tsx","116","#d0e999","UNMAPPED"
"WhyEyeLevel.tsx","117","#d0e999","UNMAPPED"
"WhyEyeLevel.tsx","121","#173229","bg-forest-dark / text-forest-dark"
"WhyEyeLevel.tsx","121","#d0e999","UNMAPPED"
"WhyEyeLevel.tsx","149","#152420","UNMAPPED"
"WhyEyeLevel.tsx","190","#d0e999","UNMAPPED"
"WhyEyeLevel.tsx","233","#d0e999","UNMAPPED"
"WhyEyeLevel.tsx","233","#d0e999","UNMAPPED"
"WhyEyeLevel.tsx","242","#d0e999","UNMAPPED"
"WhyEyeLevel.tsx","242","#d0e999","UNMAPPED"
"WhyEyeLevel.tsx","265","#d0e999","UNMAPPED"
"WhyEyeLevel.tsx","270","#173229","bg-forest-dark / text-forest-dark"
"WhyEyeLevel.tsx","270","#d0e999","UNMAPPED"
"WhyEyeLevel.tsx","308","#173229","bg-forest-dark / text-forest-dark"
"WhyEyeLevel.tsx","309","#173229","bg-forest-dark / text-forest-dark"
"WhyEyeLevel.tsx","313","#173229","bg-forest-dark / text-forest-dark"
"IndustryShowcase.tsx","34","#e2fea5","bg-brand-lime / text-brand-lime"
"IndustryShowcase.tsx","48","#fcfac2","bg-brand-yellow / text-brand-yellow"
"IndustryShowcase.tsx","62","#ffb4b4","bg-brand-pink / text-brand-pink"
"IndustryShowcase.tsx","76","#b8d4be","UNMAPPED"
"IndustryShowcase.tsx","90","#ffb4b4","bg-brand-pink / text-brand-pink"
"IndustryShowcase.tsx","108","#fcfac2","bg-brand-yellow / text-brand-yellow"
"IndustryShowcase.tsx","126","#c7b6ff","UNMAPPED"
"IndustryShowcase.tsx","144","#b8d4be","UNMAPPED"
"IndustryShowcase.tsx","162","#e2fea5","bg-brand-lime / text-brand-lime"
"IndustryShowcase.tsx","206","#173229","bg-forest-dark / text-forest-dark"
"IndustryShowcase.tsx","206","#1e3c30","UNMAPPED"
"IndustryShowcase.tsx","315","#0a0a0a","border-brand-black / shadow-neo-sm / bg-brand-black / text-brand-black"
"IndustryShowcase.tsx","316","#0a0a0a","border-brand-black / shadow-neo-sm / bg-brand-black / text-brand-black"
"IndustryShowcase.tsx","317","#0a0a0a","border-brand-black / shadow-neo-sm / bg-brand-black / text-brand-black"
"ServiceGallery.tsx","251","#0d1f1a","bg-forest-deep"
"ServiceGallery.tsx","251","#0d1f1a","bg-forest-deep"
"ServiceGallery.tsx","314","#e2fea5","bg-brand-lime / text-brand-lime"
"ServiceGallery.tsx","332","#e2fea5","bg-brand-lime / text-brand-lime"
"WhatsappMarketingCaseStudySection.tsx","65","#005c4b","UNMAPPED"
"WhatsappMarketingCaseStudySection.tsx","65","#e9edef","UNMAPPED"
"WhatsappMarketingCaseStudySection.tsx","72","#e9edef","UNMAPPED"
"WhatsappMarketingCaseStudySection.tsx","302","#202c33","UNMAPPED"
"WhatsappMarketingCaseStudySection.tsx","318","#202c33","UNMAPPED"
"WhatsappMarketingCaseStudySection.tsx","319","#8696a0","UNMAPPED"
"WhatsappMarketingCaseStudySection.tsx","324","#6a7175","UNMAPPED"
"WhatsappMarketingCaseStudySection.tsx","324","#e9edef","UNMAPPED"
"WhatsappMarketingCaseStudySection.tsx","328","#e9edef","UNMAPPED"
"WhatsappMarketingCaseStudySection.tsx","329","#00a884","UNMAPPED"
"WhatsappMarketingCaseStudySection.tsx","329","#8696a0","UNMAPPED"
"WhatsappMarketingCaseStudySection.tsx","338","#0b141a","UNMAPPED"
"WhatsappMarketingCaseStudySection.tsx","340","#fff","UNMAPPED"
"WhatsappMarketingCaseStudySection.tsx","353","#182229","UNMAPPED"
"WhatsappMarketingCaseStudySection.tsx","353","#8696a0","UNMAPPED"
"WhatsappMarketingCaseStudySection.tsx","361","#202c33","UNMAPPED"
"WhatsappMarketingCaseStudySection.tsx","361","#e9edef","UNMAPPED"
"WhatsappMarketingCaseStudySection.tsx","362","#005c4b","UNMAPPED"
"WhatsappMarketingCaseStudySection.tsx","362","#e9edef","UNMAPPED"
"WhatsappMarketingCaseStudySection.tsx","367","#e9edef","UNMAPPED"
"WhatsappMarketingCaseStudySection.tsx","371","#53bdeb","UNMAPPED"
"WhatsappMarketingCaseStudySection.tsx","392","#0b141a","UNMAPPED"
"WhatsappMarketingCaseStudySection.tsx","395","#202c33","UNMAPPED"
"WhatsappMarketingCaseStudySection.tsx","395","#8696a0","UNMAPPED"
"WhatsappMarketingCaseStudySection.tsx","395","#e9edef","UNMAPPED"
"WhatsappMarketingCaseStudySection.tsx","403","#202c33","UNMAPPED"
"WhatsappMarketingCaseStudySection.tsx","405","#8696a0","UNMAPPED"
"WhatsappMarketingCaseStudySection.tsx","405","#e9edef","UNMAPPED"
"WhatsappMarketingCaseStudySection.tsx","412","#00a884","UNMAPPED"
"WhatsappMarketingCaseStudySection.tsx","412","#00bfa5","UNMAPPED"
"WhatsappMarketingHeroSection.tsx","90","#fcfac2","bg-brand-yellow / text-brand-yellow"
"WhatsappMarketingHeroSection.tsx","91","#0a0a0a","border-brand-black / shadow-neo-sm / bg-brand-black / text-brand-black"
"WhatsappMarketingHeroSection.tsx","92","#0a0a0a","border-brand-black / shadow-neo-sm / bg-brand-black / text-brand-black"
"WhatsappMarketingHeroSection.tsx","93","#0a0a0a","border-brand-black / shadow-neo-sm / bg-brand-black / text-brand-black"
"WhatsappMarketingHeroSection.tsx","108","#f8ffe8","bg-brand-light / text-brand-light"
"WhatsappMarketingStackSection.tsx","12","#fff","UNMAPPED"
"WhatsappMarketingStackSection.tsx","34","#fcfac2","bg-brand-yellow / text-brand-yellow"
"WhatsappMarketingStickyCta.tsx","9","#fcfac2","bg-brand-yellow / text-brand-yellow"
"WhatsappMarketingStickyCta.tsx","9","#0a0a0a","border-brand-black / shadow-neo-sm / bg-brand-black / text-brand-black"
"CTA.tsx","45","#1a3a2f","UNMAPPED"
"CTA.tsx","75","#e2fea5","bg-brand-lime / text-brand-lime"
"FAQSection.tsx","39","#d0e999","UNMAPPED"
"FAQSection.tsx","39","#163027","UNMAPPED"
"FAQSection.tsx","75","#d0e999","UNMAPPED"
"FAQSection.tsx","79","#173229","bg-forest-dark / text-forest-dark"
"FAQSection.tsx","102","#d0e999","UNMAPPED"
"FAQSection.tsx","106","#173229","bg-forest-dark / text-forest-dark"
"JoinTheLeague.tsx","42","#253e35","bg-forest-muted / text-forest-muted"
"JoinTheLeague.tsx","65","#f8ffe8","bg-brand-light / text-brand-light"
"JoinTheLeague.tsx","66","#0a0a0a","border-brand-black / shadow-neo-sm / bg-brand-black / text-brand-black"
"JoinTheLeague.tsx","67","#0a0a0a","border-brand-black / shadow-neo-sm / bg-brand-black / text-brand-black"
"JoinTheLeague.tsx","77","#0a0a0a","border-brand-black / shadow-neo-sm / bg-brand-black / text-brand-black"
"JoinTheLeague.tsx","88","#f8ffe8","bg-brand-light / text-brand-light"
"JoinTheLeague.tsx","89","#f8ffe8","bg-brand-light / text-brand-light"
"ProcessSection.tsx","172","#253e35","bg-forest-muted / text-forest-muted"
"ProcessSection.tsx","394","#e2fea5","bg-brand-lime / text-brand-lime"
"ProcessSection.tsx","395","#173229","bg-forest-dark / text-forest-dark"
"ProcessSection.tsx","412","#e2fea5","bg-brand-lime / text-brand-lime"
"ProcessSection.tsx","422","#f8ffe8","bg-brand-light / text-brand-light"
"ProcessSection.tsx","445","#e2fea5","bg-brand-lime / text-brand-lime"
"TextTestimonials.tsx","111","#ffffff","UNMAPPED"
"TextTestimonials.tsx","127","#e2fea5","bg-brand-lime / text-brand-lime"
"TextTestimonials.tsx","141","#e2fea5","bg-brand-lime / text-brand-lime"
"TextTestimonials.tsx","186","#e2fea5","bg-brand-lime / text-brand-lime"
"VideoTestimonials.tsx","113","#ffffff","UNMAPPED"
"VideoTestimonials.tsx","129","#e2fea5","bg-brand-lime / text-brand-lime"
"VideoTestimonials.tsx","175","#1a2f28","UNMAPPED"
"VideoTestimonials.tsx","188","#d0e999","UNMAPPED"
"VideoTestimonials.tsx","199","#d0e999","UNMAPPED"
"ImageGallerySection.tsx","82","#e2fea5","bg-brand-lime / text-brand-lime"
"ImageGallerySection.tsx","105","#e2fea5","bg-brand-lime / text-brand-lime"
"ImageGallerySection.tsx","128","#e2fea5","bg-brand-lime / text-brand-lime"
"TestimonialsSection.tsx","65","#e2fea5","bg-brand-lime / text-brand-lime"
"TestimonialsSection.tsx","71","#e2fea5","bg-brand-lime / text-brand-lime"
"Eyeball.tsx","43","#f8ffe8","bg-brand-light / text-brand-light"
"Eyeball.tsx","43","#e2fea5","bg-brand-lime / text-brand-lime"
"Eyeball.tsx","43","#1e3329","UNMAPPED"
"Eyeball.tsx","50","#1e3329","UNMAPPED"
"Eyeball.tsx","50","#253e35","bg-forest-muted / text-forest-muted"
"WavyUnderline.tsx","11","#ffffff","UNMAPPED"
"chart.tsx","48","#ccc","UNMAPPED"
"chart.tsx","48","#fff","UNMAPPED"
"chart.tsx","48","#ccc","UNMAPPED"
"chart.tsx","48","#ccc","UNMAPPED"
"chart.tsx","48","#fff","UNMAPPED"
"iphone.tsx","90","#0b141a","UNMAPPED"
"iphone.tsx","115","#1f1f1d","UNMAPPED"
"iphone.tsx","119","#1a1a19","UNMAPPED"
"iphone.tsx","123","#1a1a19","UNMAPPED"
"iphone.tsx","127","#1a1a19","UNMAPPED"
"iphone.tsx","131","#1a1a19","UNMAPPED"
"iphone.tsx","135","#080808","UNMAPPED"
"iphone.tsx","142","#2d2d2c","UNMAPPED"
"iphone.tsx","147","#121211","UNMAPPED"
"iphone.tsx","147","#2d2d2b","UNMAPPED"
"iphone.tsx","157","#080808","UNMAPPED"
"iphone.tsx","161","#111124","UNMAPPED"
"About.tsx","36","#e2fea5","bg-brand-lime / text-brand-lime"
"About.tsx","36","#a8e063","UNMAPPED"
"About.tsx","42","#ffb347","UNMAPPED"
"About.tsx","42","#ff6b6b","UNMAPPED"
"About.tsx","48","#667eea","UNMAPPED"
"About.tsx","48","#764ba2","UNMAPPED"
"About.tsx","54","#f093fb","UNMAPPED"
"About.tsx","54","#f5576c","UNMAPPED"
"About.tsx","60","#4facfe","UNMAPPED"
"About.tsx","60","#00f2fe","UNMAPPED"
"About.tsx","412","#253e35","bg-forest-muted / text-forest-muted"
"About.tsx","419","#667eea","UNMAPPED"
"About.tsx","464","#f8ffe8","bg-brand-light / text-brand-light"
"About.tsx","500","#f8ffe8","bg-brand-light / text-brand-light"
"About.tsx","536","#f8ffe8","bg-brand-light / text-brand-light"
"About.tsx","572","#f8ffe8","bg-brand-light / text-brand-light"
"About.tsx","608","#f8ffe8","bg-brand-light / text-brand-light"
"About.tsx","640","#253e35","bg-forest-muted / text-forest-muted"
"About.tsx","667","#f8ffe8","bg-brand-light / text-brand-light"
"About.tsx","668","#0a0a0a","border-brand-black / shadow-neo-sm / bg-brand-black / text-brand-black"
"About.tsx","669","#0a0a0a","border-brand-black / shadow-neo-sm / bg-brand-black / text-brand-black"
"About.tsx","852","#fcfac2","bg-brand-yellow / text-brand-yellow"
"About.tsx","853","#0a0a0a","border-brand-black / shadow-neo-sm / bg-brand-black / text-brand-black"
"About.tsx","854","#0a0a0a","border-brand-black / shadow-neo-sm / bg-brand-black / text-brand-black"
"About.tsx","855","#0a0a0a","border-brand-black / shadow-neo-sm / bg-brand-black / text-brand-black"
"About.tsx","866","#253e35","bg-forest-muted / text-forest-muted"
"Apply.tsx","936","#e2fea5","bg-brand-lime / text-brand-lime"
"Apply.tsx","967","#fcfac2","bg-brand-yellow / text-brand-yellow"
"Apply.tsx","1056","#f8ffe8","bg-brand-light / text-brand-light"
"Apply.tsx","1069","#fcfac2","bg-brand-yellow / text-brand-yellow"
"Apply.tsx","1070","#0a0a0a","border-brand-black / shadow-neo-sm / bg-brand-black / text-brand-black"
"Apply.tsx","1071","#0a0a0a","border-brand-black / shadow-neo-sm / bg-brand-black / text-brand-black"
"Apply.tsx","1072","#0a0a0a","border-brand-black / shadow-neo-sm / bg-brand-black / text-brand-black"
"Apply.tsx","1077","#0a0a0a","border-brand-black / shadow-neo-sm / bg-brand-black / text-brand-black"
"Apply.tsx","1090","#253e35","bg-forest-muted / text-forest-muted"
"B2BMarketing.tsx","67","#fcfac2","bg-brand-yellow / text-brand-yellow"
"B2BMarketing.tsx","73","#b8d4be","UNMAPPED"
"B2BMarketing.tsx","79","#ffb4b4","bg-brand-pink / text-brand-pink"
"B2BMarketing.tsx","86","#e2fea5","bg-brand-lime / text-brand-lime"
"B2BMarketing.tsx","285","#fcfac2","bg-brand-yellow / text-brand-yellow"
"B2BMarketing.tsx","286","#0a0a0a","border-brand-black / shadow-neo-sm / bg-brand-black / text-brand-black"
"B2BMarketing.tsx","287","#0a0a0a","border-brand-black / shadow-neo-sm / bg-brand-black / text-brand-black"
"B2BMarketing.tsx","288","#0a0a0a","border-brand-black / shadow-neo-sm / bg-brand-black / text-brand-black"
"B2BMarketing.tsx","449","#fcfac2","bg-brand-yellow / text-brand-yellow"
"B2BMarketing.tsx","450","#0a0a0a","border-brand-black / shadow-neo-sm / bg-brand-black / text-brand-black"
"B2BMarketing.tsx","451","#0a0a0a","border-brand-black / shadow-neo-sm / bg-brand-black / text-brand-black"
"B2BMarketing.tsx","536","#173229","bg-forest-dark / text-forest-dark"
"B2BMarketing.tsx","575","#fcfac2","bg-brand-yellow / text-brand-yellow"
"B2BMarketing.tsx","586","#fcfac2","bg-brand-yellow / text-brand-yellow"
"B2BMarketing.tsx","598","#fcfac2","bg-brand-yellow / text-brand-yellow"
"B2BMarketing.tsx","602","#fcfac2","bg-brand-yellow / text-brand-yellow"
"B2BMarketing.tsx","667","#fcfac2","bg-brand-yellow / text-brand-yellow"
"B2BMarketing.tsx","667","#f8ffe8","bg-brand-light / text-brand-light"
"B2BMarketing.tsx","682","#fcfac2","bg-brand-yellow / text-brand-yellow"
"B2BMarketing.tsx","755","#fcfac2","bg-brand-yellow / text-brand-yellow"
"B2BMarketing.tsx","756","#0a0a0a","border-brand-black / shadow-neo-sm / bg-brand-black / text-brand-black"
"B2BMarketing.tsx","757","#0a0a0a","border-brand-black / shadow-neo-sm / bg-brand-black / text-brand-black"
"B2BMarketing.tsx","758","#0a0a0a","border-brand-black / shadow-neo-sm / bg-brand-black / text-brand-black"
"B2BMarketing.tsx","769","#fcfac2","bg-brand-yellow / text-brand-yellow"
"BlogPost.tsx","200","#253e35","bg-forest-muted / text-forest-muted"
"BlogPost.tsx","200","#253e35","bg-forest-muted / text-forest-muted"
"BlogPost.tsx","218","#e2fea5","bg-brand-lime / text-brand-lime"
"BlogPost.tsx","218","#0a0a0a","border-brand-black / shadow-neo-sm / bg-brand-black / text-brand-black"
"BlogPost.tsx","330","#e2fea5","bg-brand-lime / text-brand-lime"
"BlogPost.tsx","330","#0a0a0a","border-brand-black / shadow-neo-sm / bg-brand-black / text-brand-black"
"BlogPost.tsx","350","#e2fea5","bg-brand-lime / text-brand-lime"
"BlogPost.tsx","390","#e2fea5","bg-brand-lime / text-brand-lime"
"BlogPost.tsx","390","#f8ffe8","bg-brand-light / text-brand-light"
"BlogPost.tsx","536","#e2fea5","bg-brand-lime / text-brand-lime"
"BlogPost.tsx","537","#0a0a0a","border-brand-black / shadow-neo-sm / bg-brand-black / text-brand-black"
"BlogPost.tsx","586","#fcfac2","bg-brand-yellow / text-brand-yellow"
"BlogPost.tsx","587","#0a0a0a","border-brand-black / shadow-neo-sm / bg-brand-black / text-brand-black"
"BlogPost.tsx","588","#0a0a0a","border-brand-black / shadow-neo-sm / bg-brand-black / text-brand-black"
"BlogPost.tsx","589","#0a0a0a","border-brand-black / shadow-neo-sm / bg-brand-black / text-brand-black"
"BlogPost.tsx","600","#1e3c30","UNMAPPED"
"Booking.tsx","55","#f8ffe8","bg-brand-light / text-brand-light"
"Careers.tsx","300","#f8ffe8","bg-brand-light / text-brand-light"
"Careers.tsx","301","#0a0a0a","border-brand-black / shadow-neo-sm / bg-brand-black / text-brand-black"
"Careers.tsx","302","#0a0a0a","border-brand-black / shadow-neo-sm / bg-brand-black / text-brand-black"
"Careers.tsx","318","#e8f0d8","UNMAPPED"
"Careers.tsx","319","#0a0a0a","border-brand-black / shadow-neo-sm / bg-brand-black / text-brand-black"
"Careers.tsx","328","#0a0a0a","border-brand-black / shadow-neo-sm / bg-brand-black / text-brand-black"
"Careers.tsx","349","#253e35","bg-forest-muted / text-forest-muted"
"Careers.tsx","376","#f8ffe8","bg-brand-light / text-brand-light"
"Careers.tsx","377","#0a0a0a","border-brand-black / shadow-neo-sm / bg-brand-black / text-brand-black"
"Careers.tsx","378","#0a0a0a","border-brand-black / shadow-neo-sm / bg-brand-black / text-brand-black"
"Careers.tsx","392","#e8f0d8","UNMAPPED"
"Careers.tsx","395","#0a0a0a","border-brand-black / shadow-neo-sm / bg-brand-black / text-brand-black"
"Careers.tsx","404","#173229","bg-forest-dark / text-forest-dark"
"Careers.tsx","405","#f8ffe8","bg-brand-light / text-brand-light"
"Careers.tsx","417","#0a0a0a","border-brand-black / shadow-neo-sm / bg-brand-black / text-brand-black"
"Careers.tsx","447","#173229","bg-forest-dark / text-forest-dark"
"Careers.tsx","448","#f8ffe8","bg-brand-light / text-brand-light"
"Careers.tsx","449","#0a0a0a","border-brand-black / shadow-neo-sm / bg-brand-black / text-brand-black"
"Careers.tsx","450","#0a0a0a","border-brand-black / shadow-neo-sm / bg-brand-black / text-brand-black"
"Careers.tsx","498","#fcfac2","bg-brand-yellow / text-brand-yellow"
"Careers.tsx","499","#0a0a0a","border-brand-black / shadow-neo-sm / bg-brand-black / text-brand-black"
"Careers.tsx","500","#0a0a0a","border-brand-black / shadow-neo-sm / bg-brand-black / text-brand-black"
"Careers.tsx","501","#0a0a0a","border-brand-black / shadow-neo-sm / bg-brand-black / text-brand-black"
"Careers.tsx","513","#1e3c30","UNMAPPED"
"Contact.tsx","198","#f8ffe8","bg-brand-light / text-brand-light"
"Contact.tsx","199","#0a0a0a","border-brand-black / shadow-neo-sm / bg-brand-black / text-brand-black"
"Contact.tsx","200","#0a0a0a","border-brand-black / shadow-neo-sm / bg-brand-black / text-brand-black"
"Contact.tsx","228","#173229","bg-forest-dark / text-forest-dark"
"Contact.tsx","229","#f8ffe8","bg-brand-light / text-brand-light"
"Contact.tsx","252","#173229","bg-forest-dark / text-forest-dark"
"Contact.tsx","278","#173229","bg-forest-dark / text-forest-dark"
"Contact.tsx","303","#173229","bg-forest-dark / text-forest-dark"
"Contact.tsx","329","#173229","bg-forest-dark / text-forest-dark"
"Contact.tsx","345","#173229","bg-forest-dark / text-forest-dark"
"Contact.tsx","346","#f8ffe8","bg-brand-light / text-brand-light"
"Contact.tsx","347","#0a0a0a","border-brand-black / shadow-neo-sm / bg-brand-black / text-brand-black"
"Contact.tsx","348","#0a0a0a","border-brand-black / shadow-neo-sm / bg-brand-black / text-brand-black"
"Contact.tsx","375","#173229","bg-forest-dark / text-forest-dark"
"Industries.tsx","182","#f8ffe8","bg-brand-light / text-brand-light"
"Industries.tsx","236","#173229","bg-forest-dark / text-forest-dark"
"JobDetails.tsx","116","#e2fea5","bg-brand-lime / text-brand-lime"
"JobDetails.tsx","116","#173229","bg-forest-dark / text-forest-dark"
"JobDetails.tsx","122","#173229","bg-forest-dark / text-forest-dark"
"JobDetails.tsx","122","#f8ffe8","bg-brand-light / text-brand-light"
"JobDetails.tsx","167","#fcfac2","bg-brand-yellow / text-brand-yellow"
"JobDetails.tsx","168","#0a0a0a","border-brand-black / shadow-neo-sm / bg-brand-black / text-brand-black"
"JobDetails.tsx","169","#0a0a0a","border-brand-black / shadow-neo-sm / bg-brand-black / text-brand-black"
"JobDetails.tsx","170","#0a0a0a","border-brand-black / shadow-neo-sm / bg-brand-black / text-brand-black"
"JobDetails.tsx","183","#f8ffe8","bg-brand-light / text-brand-light"
"JobDetails.tsx","204","#173229","bg-forest-dark / text-forest-dark"
"JobDetails.tsx","224","#173229","bg-forest-dark / text-forest-dark"
"JobDetails.tsx","253","#173229","bg-forest-dark / text-forest-dark"
"JobDetails.tsx","282","#173229","bg-forest-dark / text-forest-dark"
"JobDetails.tsx","310","#173229","bg-forest-dark / text-forest-dark"
"JobDetails.tsx","338","#173229","bg-forest-dark / text-forest-dark"
"JobDetails.tsx","376","#f8ffe8","bg-brand-light / text-brand-light"
"JobDetails.tsx","377","#0a0a0a","border-brand-black / shadow-neo-sm / bg-brand-black / text-brand-black"
"JobDetails.tsx","378","#0a0a0a","border-brand-black / shadow-neo-sm / bg-brand-black / text-brand-black"
"JobDetails.tsx","383","#0a0a0a","border-brand-black / shadow-neo-sm / bg-brand-black / text-brand-black"
"JobDetails.tsx","398","#fcfac2","bg-brand-yellow / text-brand-yellow"
"JobDetails.tsx","399","#0a0a0a","border-brand-black / shadow-neo-sm / bg-brand-black / text-brand-black"
"JobDetails.tsx","400","#0a0a0a","border-brand-black / shadow-neo-sm / bg-brand-black / text-brand-black"
"JobDetails.tsx","401","#0a0a0a","border-brand-black / shadow-neo-sm / bg-brand-black / text-brand-black"
"JobDetails.tsx","413","#253e35","bg-forest-muted / text-forest-muted"
"NotFound.tsx","59","#d0e999","UNMAPPED"
"NotFound.tsx","60","#0a0a0a","border-brand-black / shadow-neo-sm / bg-brand-black / text-brand-black"
"NotFound.tsx","61","#0a0a0a","border-brand-black / shadow-neo-sm / bg-brand-black / text-brand-black"
"NotFound.tsx","62","#0a0a0a","border-brand-black / shadow-neo-sm / bg-brand-black / text-brand-black"
"Portfolio.tsx","187","#253e35","bg-forest-muted / text-forest-muted"
"Portfolio.tsx","352","#0a0a0a","border-brand-black / shadow-neo-sm / bg-brand-black / text-brand-black"
"Portfolio.tsx","378","#253e35","bg-forest-muted / text-forest-muted"
"Portfolio.tsx","431","#f8ffe8","bg-brand-light / text-brand-light"
"Portfolio.tsx","484","#0a0a0a","border-brand-black / shadow-neo-sm / bg-brand-black / text-brand-black"
"Portfolio.tsx","484","#0a0a0a","border-brand-black / shadow-neo-sm / bg-brand-black / text-brand-black"
"Portfolio.tsx","484","#0a0a0a","border-brand-black / shadow-neo-sm / bg-brand-black / text-brand-black"
"Portfolio.tsx","505","#0a0a0a","border-brand-black / shadow-neo-sm / bg-brand-black / text-brand-black"
"Portfolio.tsx","505","#0a0a0a","border-brand-black / shadow-neo-sm / bg-brand-black / text-brand-black"
"Portfolio.tsx","505","#d8f68b","UNMAPPED"
"Portfolio.tsx","516","#173229","bg-forest-dark / text-forest-dark"
"Privacy.tsx","222","#253e35","bg-forest-muted / text-forest-muted"
"RealEstateMarketing.tsx","69","#e2fea5","bg-brand-lime / text-brand-lime"
"RealEstateMarketing.tsx","75","#b8d4be","UNMAPPED"
"RealEstateMarketing.tsx","82","#ffb4b4","bg-brand-pink / text-brand-pink"
"RealEstateMarketing.tsx","89","#fcfac2","bg-brand-yellow / text-brand-yellow"
"RealEstateMarketing.tsx","287","#e2fea5","bg-brand-lime / text-brand-lime"
"RealEstateMarketing.tsx","288","#0a0a0a","border-brand-black / shadow-neo-sm / bg-brand-black / text-brand-black"
"RealEstateMarketing.tsx","289","#0a0a0a","border-brand-black / shadow-neo-sm / bg-brand-black / text-brand-black"
"RealEstateMarketing.tsx","290","#0a0a0a","border-brand-black / shadow-neo-sm / bg-brand-black / text-brand-black"
"RealEstateMarketing.tsx","451","#e2fea5","bg-brand-lime / text-brand-lime"
"RealEstateMarketing.tsx","452","#0a0a0a","border-brand-black / shadow-neo-sm / bg-brand-black / text-brand-black"
"RealEstateMarketing.tsx","453","#0a0a0a","border-brand-black / shadow-neo-sm / bg-brand-black / text-brand-black"
"RealEstateMarketing.tsx","538","#173229","bg-forest-dark / text-forest-dark"
"RealEstateMarketing.tsx","577","#e2fea5","bg-brand-lime / text-brand-lime"
"RealEstateMarketing.tsx","593","#e2fea5","bg-brand-lime / text-brand-lime"
"RealEstateMarketing.tsx","605","#e2fea5","bg-brand-lime / text-brand-lime"
"RealEstateMarketing.tsx","609","#e2fea5","bg-brand-lime / text-brand-lime"
"RealEstateMarketing.tsx","674","#e2fea5","bg-brand-lime / text-brand-lime"
"RealEstateMarketing.tsx","674","#f8ffe8","bg-brand-light / text-brand-light"
"RealEstateMarketing.tsx","689","#e2fea5","bg-brand-lime / text-brand-lime"
"RealEstateMarketing.tsx","764","#e2fea5","bg-brand-lime / text-brand-lime"
"RealEstateMarketing.tsx","765","#0a0a0a","border-brand-black / shadow-neo-sm / bg-brand-black / text-brand-black"
"RealEstateMarketing.tsx","766","#0a0a0a","border-brand-black / shadow-neo-sm / bg-brand-black / text-brand-black"
"RealEstateMarketing.tsx","767","#0a0a0a","border-brand-black / shadow-neo-sm / bg-brand-black / text-brand-black"
"RealEstateMarketing.tsx","778","#e2fea5","bg-brand-lime / text-brand-lime"
"Services.tsx","64","#0d1f1a","bg-forest-deep"
"Services.tsx","87","#253e35","bg-forest-muted / text-forest-muted"
"Services.tsx","109","#1a2f28","UNMAPPED"
"Services.tsx","136","#253e35","bg-forest-muted / text-forest-muted"
"Services.tsx","167","#0d1f1a","bg-forest-deep"
"Services.tsx","200","#253e35","bg-forest-muted / text-forest-muted"
"Services.tsx","230","#1a2f28","UNMAPPED"
"Services.tsx","249","#253e35","bg-forest-muted / text-forest-muted"
"Services.tsx","268","#0d1f1a","bg-forest-deep"
"Services.tsx","287","#1a2f28","UNMAPPED"
"Services.tsx","649","#fcfac2","bg-brand-yellow / text-brand-yellow"
"Services.tsx","650","#0a0a0a","border-brand-black / shadow-neo-sm / bg-brand-black / text-brand-black"
"Services.tsx","651","#0a0a0a","border-brand-black / shadow-neo-sm / bg-brand-black / text-brand-black"
"Services.tsx","652","#0a0a0a","border-brand-black / shadow-neo-sm / bg-brand-black / text-brand-black"
"Services.tsx","667","#f8ffe8","bg-brand-light / text-brand-light"
"Services.tsx","679","#0d1f1a","bg-forest-deep"
"SportsMarketing.tsx","67","#ffb4b4","bg-brand-pink / text-brand-pink"
"SportsMarketing.tsx","74","#b8d4be","UNMAPPED"
"SportsMarketing.tsx","80","#fcfac2","bg-brand-yellow / text-brand-yellow"
"SportsMarketing.tsx","87","#e2fea5","bg-brand-lime / text-brand-lime"
"SportsMarketing.tsx","283","#ffb4b4","bg-brand-pink / text-brand-pink"
"SportsMarketing.tsx","284","#0a0a0a","border-brand-black / shadow-neo-sm / bg-brand-black / text-brand-black"
"SportsMarketing.tsx","285","#0a0a0a","border-brand-black / shadow-neo-sm / bg-brand-black / text-brand-black"
"SportsMarketing.tsx","286","#0a0a0a","border-brand-black / shadow-neo-sm / bg-brand-black / text-brand-black"
"SportsMarketing.tsx","447","#ffb4b4","bg-brand-pink / text-brand-pink"
"SportsMarketing.tsx","448","#0a0a0a","border-brand-black / shadow-neo-sm / bg-brand-black / text-brand-black"
"SportsMarketing.tsx","449","#0a0a0a","border-brand-black / shadow-neo-sm / bg-brand-black / text-brand-black"
"SportsMarketing.tsx","534","#173229","bg-forest-dark / text-forest-dark"
"SportsMarketing.tsx","573","#ffb4b4","bg-brand-pink / text-brand-pink"
"SportsMarketing.tsx","584","#ffb4b4","bg-brand-pink / text-brand-pink"
"SportsMarketing.tsx","596","#ffb4b4","bg-brand-pink / text-brand-pink"
"SportsMarketing.tsx","600","#ffb4b4","bg-brand-pink / text-brand-pink"
"SportsMarketing.tsx","672","#ffb4b4","bg-brand-pink / text-brand-pink"
"SportsMarketing.tsx","672","#f8ffe8","bg-brand-light / text-brand-light"
"SportsMarketing.tsx","687","#ffb4b4","bg-brand-pink / text-brand-pink"
"SportsMarketing.tsx","770","#ffb4b4","bg-brand-pink / text-brand-pink"
"SportsMarketing.tsx","771","#0a0a0a","border-brand-black / shadow-neo-sm / bg-brand-black / text-brand-black"
"SportsMarketing.tsx","772","#0a0a0a","border-brand-black / shadow-neo-sm / bg-brand-black / text-brand-black"
"SportsMarketing.tsx","773","#0a0a0a","border-brand-black / shadow-neo-sm / bg-brand-black / text-brand-black"
"SportsMarketing.tsx","784","#ffb4b4","bg-brand-pink / text-brand-pink"
"Terms.tsx","187","#253e35","bg-forest-muted / text-forest-muted"
"ThankYou.tsx","193","#fcfac2","bg-brand-yellow / text-brand-yellow"
"ThankYou.tsx","194","#0a0a0a","border-brand-black / shadow-neo-sm / bg-brand-black / text-brand-black"
"ThankYou.tsx","195","#0a0a0a","border-brand-black / shadow-neo-sm / bg-brand-black / text-brand-black"
"ThankYou.tsx","196","#0a0a0a","border-brand-black / shadow-neo-sm / bg-brand-black / text-brand-black"
"ThankYou.tsx","212","#f8ffe8","bg-brand-light / text-brand-light"
"ThankYou.tsx","246","#253e35","bg-forest-muted / text-forest-muted"
"WhatsappMarketing.tsx","132","#173229","bg-forest-dark / text-forest-dark"
"Works.tsx","408","#2d5c4f","UNMAPPED"
